DELETE FROM users;
DELETE FROM restaurants;
DELETE FROM menus;
DELETE FROM menu_items;
DELETE FROM votes;
ALTER SEQUENCE global_seq RESTART WITH 100000;

INSERT INTO restaurants(id, name)
VALUES 	(100000, 'Континенталь'),
        (100001, 'Дон помидор');

INSERT INTO menus(id, restaurant_id, date)
VALUES 	(100002, 100000, '2020-08-22'),
        (100003, 100000, '2020-08-21'),
        (100004, 100001, '2020-08-22'),
        (100005, 100001, '2020-08-21');

INSERT INTO users(id, email, password, role)
VALUES 	(100006, 'user@mail.ru', 'user', 'USER'),
        (100007, 'admin@mail.ru', 'admin', 'ADMIN');

INSERT INTO menu_items(id, menu_id, name, price)
VALUES 	(100008, 100002, 'Божественная яишенка', 1000),
        (100009, 100002, 'Блинчики', 500),
        (100010, 100002, 'Бутерброд с сёмгой', 900),
        (100011, 100003, 'Омлет', 1500),
        (100012, 100003, 'Эко лаваш из шпината', 1200),
        (100013, 100003, 'Манная каша с вишневым вареньем', 300),
        (100014, 100004, 'Пицца с ветчиной и овощами', 1000),
        (100015, 100004, 'Пицца Карбонара', 1200),
        (100016, 100004, 'Хачапури', 900),
        (100017, 100005, 'Мега-пицца', 10000),
        (100018, 100005, 'Сырники с малиновым вареньем', 290),
        (100019, 100005, 'Яблочный пирог', 700),
        (100020, 100005, 'Морс ягодный', 200),
        (100021, 100005, 'Пирожки с хреном', 300),
        (100022, 100005, 'Божественный свиток', 999999);

INSERT INTO votes(id, user_id, restaurant_id, date)
VALUES (100023, 100006, 100000, '2020-08-22'),
       (100024, 100006, 100001, '2020-08-21'),
       (100025, 100007, 100000, '2020-08-22'),
       (100026, 100007, 100000, '2020-08-22');
